Voltage_V,Temp_C
10,10
20,30
30,60
40,56.8887068
50,53.87481941
60,98.3594703
70,99.00491022
80,93.63299962
90,122.7965519
100,109.4764774
110,150.2763614
120,136.384253